Code,RGB
1712 N4.75,109 109 109
1713 N4.25,96 96 96
1714 N3.75,84 84 84
1715 N3.25,72 72 72
1716 N2.75,61 61 62
1964 1.9Y7.6/9.9,245 174 57
0861 1.3GY8.5/1.8,218 215 184
0862 1.9GY8.5/3.2,217 212 161
0863 1.3GY8/6.4,209 200 111
0864 1.3GY6/4.8,156 146 83
0865 1.3GY7/5.6,182 171 95
0866 1.9GY8/4.8,213 205 135
0871 1.3GY7.5/1.8,190 187 161
0872 1.9GY7.5/3.2,190 185 138
0873 1.3GY6.5/4,162 154 101
0874 0.6GY5/3.6,121 112 73
0875 0.6GY5.5/3.6,141 133 88
0876 1.3GY7/4.4,186 179 119
0881 1.9GY6.5/1.8,168 164 141
0882 1.3GY6.5/2.8,162 157 120
0883 1.3GY5/2.4,123 119 90
0884 8.8Y3.5/1.8,80 75 54
0885 10Y4/2,104 98 75
0886 1.3GY6/2.8,145 140 105
0891 5Y7.5/1.2,218 217 213
0892 3.8Y6.5/1.2,174 163 147
0893 1.9Y5.5/1.2,136 126 114
0894 3.1Y4/1,94 88 81
0895 3.1Y4.5/1.2,117 106 95
0896 2.5Y6/1.2,154 143 130
0901 9.4YR8.5/1.2,224 209 196
0902 9.4YR7.5/1,198 185 175
0903 6.9YR6/2,158 136 123
0904 6.3YR4.5/1.8,117 97 86
0905 7.5YR5/1.8,137 115 104
0906 6.9YR6.5/2,176 151 138
0011 9.4Y9/1.2,239 239 213
0012 0.6GY9/1.8,240 233 197
0013 9.4Y9/4.8,242 225 149
0014 10Y8.5/7.6,239 215 98
0015 10Y8.5/6.4,240 221 123
0016 9.4Y9/3.6,242 237 216
0021 8.1Y9/1.2,239 239 213
0022 8.1Y9/2,244 234 198
0023 8.1Y9/5.2,251 227 147
0024 8.1Y8.5/8,249 216 99
0025 8.1Y8.5/6.4,251 221 121
0026 8.8Y9/3.6,243 227 169
0031 8.1Y8.5/2,226 214 181
0032 8.1Y8.5/3.6,233 214 159
0033 9.4Y8/6.4,227 201 113
0034 10Y7/6,190 173 93
0035 8.8Y8/8,228 195 88
0036 9.4Y8/5.2,228 206 134
0041 8.1Y7.5/2,197 186 157
0042 8.8Y7.5/3.2,200 184 139
0043 7.5Y6.5/4.4,175 152 96
0044 6.3Y5/4,128 110 69
0045 6.9Y5.5/4,150 130 85
0046 8.8Y7/4.8,198 176 114
0051 8.1Y6.5/2,172 162 137
0052 7.5Y6.5/3.2,174 157 117
0053 6.9Y5/2.8,129 116 87
0054 2.5Y3/1.8,85 73 54
0055 6.3Y4/2.4,110 96 72
0056 7.5Y6/2.8,151 137 103
0911 8.1R8.5/1.2,220 208 205
0912 6.3R7.5/1,195 185 183
0913 8.8R5.5/1.6,152 133 129
0914 8.1R4.5/1.4,115 96 93
0915 8.8R5/1.6,130 110 107
0916 6.3R6.5/2,169 148 146
0921 10P8.5/1,218 214 217
0922 0.6RP7.5/1,192 187 191
0923 0.6RP5.5/2,147 133 142
0924 1.9RP4/1.8,107 92 101
0925 1.9RP5/1.8,128 113 122
0926 8.1P6.5/1.8,161 152 163
0931 6.3RP7.5/1.2,192 183 185
0932 3.8RP7/1,172 165 166
0933 2.5RP5.5/1,131 122 126
0934 1.9RP4/1,95 87 90
0935 10P4.5/1,111 103 106
0936 9.4P6/1,146 139 142
0941 4.4YR7.5/1,194 183 178
0942 1.3YR6.5/1,176 162 158
0943 8.1R5.5/1,132 122 120
0944 1.9YR4/1,96 86 84
0945 1.9YR4.5/1,115 105 102
0946 8.8R6/1,153 141 138
0951 3.8BG7.5/1,180 191 187
0952 8.8BG6.5/1,156 186 164
0953 2.5BG5.5/1,118 130 127
0954 3.1BG4/1,83 90 88
0955 3.1BG4.5/1,102 110 108
0956 6.9BG6/1,137 147 145
0061 7.5Y9/1.2,243 235 213
0062 7.5Y9/2,241 227 191
0063 5.6Y9/5.2,254 221 143
0064 4.4Y8.5/7.6,252 203 99
0065 5Y8.5/6.4,255 216 125
0066 6.3Y9/3.6,248 225 169
0071 6.3Y8.5/2.4,228 213 179
0072 6.3Y8.5/3.6,232 209 156
0073 6.3Y8/6.4,241 201 116
0074 5.6Y7/6.4,206 169 93
0075 6.3Y8/8,238 193 89
0076 6.3Y8/5.2,229 198 130
0081 7.5Y7.5/2,198 184 156
0082 6.3Y7.5/3.6,200 178 134
0083 5.6Y6.5/4.4,176 148 97
0084 3.8Y4.5/3.6,132 105 66
0085 3.8Y5.5/4.4,153 125 81
0086 6.3Y7/4.8,200 171 112
0091 3.8Y7.5/2.4,199 182 155
0092 3.8Y7.5/3.6,203 175 135
0093 3.1Y6.5/4.4,184 147 100
0094 1.9Y5/4,136 104 69
0095 1.9Y5.5/4.4,156 122 80
0096 4.4Y7/4.8,208 170 114
0101 5Y9/1.4,243 232 209
0102 5Y9/2.4,249 228 190
0103 3.1Y8.5/5.2,255 212 141
0104 2.5Y8.5/7.6,255 199 102
0105 3.1Y8.5/6.4,255 206 124
0106 3.8Y9/3.6,253 222 170
0961 3.1G7.5/1,183 190 182
0962 9.4GY7/1,162 167 160
0963 1.9G5.5/1,119 126 118
0964 10GY4/1,86 91 86
0965 0.6G4.5/1,103 109 102
0966 3.1G6/1,139 146 139
0971 1.9GY7.5/1,194 192 173
0972 0.6GY7/1,173 170 155
0973 0.6GY5.5/1,128 126 115
0974 1.9GY4/1,93 91 83
0975 0.6GY4.5/1,113 110 100
0976 0.6GY6/1.2,147 145 130
0981 4.4Y8.5/1.2,225 215 196
0982 5Y7.5/1.4,200 190 172
0983 3.8Y6/2,159 144 122
0984 2.5Y4.5/1.6,116 102 87
0985 1.9Y5.5/2,139 123 105
0986 3.8Y6.5/2,178 161 136
0991 5.6Y6.5/2.4,177 163 135
0992 3.1Y6.5/3.6,184 154 117
0993 2.5Y5/2.8,135 111 84
0994 10YR3.5/1.8,94 73 56
0995 1.9Y4/2.8,115 93 70
0996 2.5Y5.5/3.2,155 129 97
1001 5Y6/5.6,176 141 77
1002 1.9Y6/5.6,182 137 80
1003 5.6Y4/3.2,105 88 57
1004 3.1Y4/3.6,108 84 52
1005 1.3Y4/3.2,110 83 54
1006 6.9YR4/3.6,118 82 59
0111 4.4Y8.5/2.4,229 210 176
0112 4.4Y8/4,232 202 153
0113 2.5Y8/6.8,245 190 110
0114 1.9Y6.5/7.2,213 155 78
0115 2.5Y7.5/8,246 183 92
0116 3.1Y8/5.2,235 193 130
0121 5Y9/1.4,246 232 208
0122 3.1Y9/2.4,249 225 190
0123 1.3Y8.5/5.2,255 204 141
0124 9.4YR8/8,255 184 102
0125 10YR8/7.2,255 195 120
0126 3.1Y8.5/4,253 215 161
0131 3.1Y9/1.6,243 228 205
0132 2.5Y9/2,250 224 193
0133 9.4YR8/5.6,255 195 138
0134 8.1YR7.5/8,255 171 100
0135 8.1YR8/7.2,255 183 118
0136 10YR8.5/4,252 208 166
0141 0.6Y8.5/2.4,231 206 178
0142 10YR8/4.4,239 194 151
0143 8.1YR7.5/6.8,244 170 110
0144 6.9YR6.5/7.6,212 136 79
0145 6.9YR7/8,241 158 93
0146 9.4YR7.5/5.6,239 180 129
0151 1.9Y7.5/2.4,209 184 159
0152 0.6Y7/4,210 170 135
0153 8.8YR6/4.8,185 136 97
0154 7.5YR4.5/4,137 98 71
0155 8.1YR5.5/4.8,165 117 83
0156 8.8YR7/5.6,212 156 112
1011 0.6GY5/4.8,134 124 69
1012 0.6GY4/3.2,96 89 56
1013 0.6GY3.5/1.8,87 87 57
1014 3.1G3.5/2.8,72 87 62
1015 3.1G3.5/3.6,57 86 64
1016 3.1G3/2.4,56 74 60
1021 8.1GY3.5/1.4,82 88 77
1022 1.3GY4/1.4,89 86 72
1023 9.4G3.5/1.2,74 87 83
1024 7.5GY3/1.4,60 66 56
1025 7.5G3/1.2,54 66 62
1026 2.5GY3/1.4,65 66 56
1031 8.8Y3/1.2,68 66 56
1032 4.4Y3/1.4,73 66 55
1033 2.5GY3/1,72 71 65
1034 3.1Y3/1,79 72 66
1035 1.9G3/1,65 69 65
1036 8.8G3/1,61 67 66
1041 2.5RP3.5/1,86 81 81
1042 1.9RP4.5/1,101 97 97
1043 2.5PB4.5/1,96 100 102
1044 3.1GY4.5/1,103 101 97
1045 7.5BG4.5/1,97 102 100
1046 3.8GY3.5/1,86 84 80
1051 1.9RP3.5/1.4,89 77 85
1052 5.6RP3.5/1.8,101 81 72
1053 8.8R3.5/1.2,97 79 76
1054 3.1YR3/1,76 67 64
1055 2.5RP3/1,72 65 68
1056 5.6P2.5/1,64 62 68
0161 1.3Y6.5/2.4,182 158 136
0162 10YR6.5/4,184 145 113
0163 9.4YR4.5/3.2,137 105 81
0164 7.5YR3.5/1.8,95 70 55
0165 10YR4/2.8,116 90 68
0166 9.4YR5.5/3.6,163 128 100
0171 0.6Y9/1.4,242 224 206
0172 8.8YR9/1.8,248 221 200
0173 4.4YR8/6,255 182 145
0174 2.5YR7/8.8,253 151 104
0175 3.8YR7.5/7.2,254 168 124
0176 5.6YR8.5/3.6,252 198 168
0181 9.4YR8/2.4,232 201 179
0182 5.6YR8/4.4,239 186 156
0183 4.4YR7/7.2,244 157 114
0184 3.8YR6.5/6.8,213 135 100
0185 3.8YR6.5/8.4,240 143 96
0186 4.4YR7.5/6,242 170 134
0191 8.8YR7.5/2.4,204 175 156
0192 6.3YR7/4,208 160 134
0193 4.4YR6/5.2,187 127 100
0194 3.8YR4.5/4.4,137 90 70
0195 4.4YR5/4.8,161 107 83
0196 4.4YR6.5/5.6,212 147 116
0201 8.8YR6.5/2,181 155 139
0202 5.6YR6.5/4,188 143 121
0203 5.6YR5/3.2,139 104 87
0204 10R3/3.2,94 64 52
0205 5YR4/2.8,120 87 71
0206 5YR5.5/3.6,162 121 102
1061 10YR3.5/1.8,95 73 55
1062 10YR3/1.4,78 67 57
1063 5.6YR3/1.4,77 63 56
1064 10R3/2.8,94 66 57
1065 10R2.5/1.8,82 55 52
1066 10R2.5/1.2,71 57 56
1071 7.5R3.5/5.6,124 70 58
1072 6.9R4.5/5.6,145 84 80
1073 7.5R3/4.8,95 52 49
1074 3.8R3/5.6,108 59 62
1075 8.8RP3/5.2,98 53 67
1076 0.6R4/5.6,134 76 86
1081 9.4R6/9.2,219 114 89
1082 5.6R6/10,226 110 108
1083 4R5/10.8,205 84 82
1084 7.5R3.5/6.6,143 53 50
1085 6.9R4/11.6,180 48 47
1086 10RP6/8.4,215 123 137
1091 6.3YR7/9.6,245 148 75
1092 6.3YR7/9.6,242 148 75
1093 2.5YR6.5/9.6,234 127 80
1094 8.8R5/11.6,212 81 53
1095 7.5R4.5/11.2,184 78 57
1096 8.1R6/11.6,242 124 99
1101 0.6GY8/8.8,234 207 78
1102 4.4Y7.5/8.8,242 186 74
1103 1.9Y7.5/9.2,248 175 70
1104 0.6Y8/9.2,255 188 80
1105 9.4YR7/8.8,250 163 76
1106 8.8YR5.5/7.6,209 127 43
0211 8.1YR9/1.2,241 224 212
0212 6.3YR9/2,249 218 202
0213 1.3YR8/5.6,253 178 156
0214 9.4R7/9.2,252 144 116
0215 0.6YR7.5/7.2,250 157 134
0216 3.1YR8/4,248 195 175
0221 5YR8/2.4,232 200 185
0222 3.1YR8/4,236 183 165
0223 10R7/7.2,234 146 123
0224 9.4R5.5/8,199 107 87
0225 9.4R6.5/9.2,234 130 103
0226 1.3YR7.5/5.6,237 168 145
0231 5.6YR7.5/2,204 177 165
0232 2.5YR7/3.6,205 159 143
0233 1.3YR5.5/4.8,181 121 105
0234 1.9YR4/4,133 85 73
0235 0.6YR5/4.8,157 102 89
0236 0.6YR6.5/5.6,210 142 124
0241 4.4YR6.5/2,176 152 142
0242 3.1YR6/3.6,185 140 126
0243 1.9YR4.5/3.2,139 100 89
0244 10R3/2.8,90 62 55
0245 2.5YR4/2.8,117 82 72
0246 2.5YR5.5/3.2,157 117 105
0251 5YR9/1,240 226 219
0252 1.9YR9/1.8,244 218 210
0253 0.6YR7.5/4.8,247 177 170
0254 5.6R6.5/8.8,237 133 129
0255 5.6R7/7.2,246 158 152
0256 0.6YR8.5/3.2,248 198 190
1111 4.4Y8/9.2,255 198 77
1112 5.6Y8/10.4,253 195 47
1113 3.8Y7.5/11.6,237 170 0
1114 9.4Y5.5/7.6,170 126 49
1115 4.4Y6.5/7.6,199 144 40
1116 5Y7.5/10.4,238 179 41
1121 8.1Y8.5/9.2,244 206 72
1122 8.1Y7.5/8.8,226 187 69
1123 8.1Y6.5/7.6,191 156 54
1124 8.1Y6/6.4,164 137 62
1125 6.9Y6/7.6,186 144 36
1126 8.1Y7.5/9.6,219 179 41
1131 1.9GY8/7.6,212 199 93
1132 1.9GY7.5/8.8,203 189 67
1133 0.6GY6/7.6,167 149 37
1134 0.6GY5/5.6,130 118 54
1135 0.6GY5.5/5.6,147 135 49
1136 1.3GY6.5/7.6,173 159 55
1141 2.5GY7.5/6.4,187 193 99
1142 3.8GY7/7.6,182 186 77
1143 5.6GY5/6.8,127 127 52
1144 3.8GY4/3.6,99 100 60
1145 4.4GY5/5.6,113 115 57
1146 3.1GY6/7.6,143 143 50
1151 8.1GY7/6.4,157 198 102
1152 8.1GY7/7.6,144 184 91
1153 7.5GY5/6.4,97 124 60
1154 7.5GY4/3.6,80 99 62
1155 7.5GY4.5/3.6,85 108 62
1156 7.5GY5.5/7.6,106 140 57
0261 9.4R8.5/1.8,227 203 198
0262 8.1R7.5/3.6,227 182 175
0263 5.6R7/6.8,229 147 140
0264 6.9R5/6,170 101 96
0265 6.3R6/6.4,198 122 119
0266 6.3R7/5.2,223 160 154
0271 0.6YR7/2,197 173 166
0272 8.1R7/3.6,202 156 150
0273 6.9R5.5/4.8,173 116 112
0274 6.9R4/4,123 79 77
0275 7.5R5/4.4,149 99 95
0276 6.3R6.5/5.2,199 138 133
0281 0.6YR6.5/1.6,172 152 148
0282 8.1R6/3.6,176 135 130
0283 8.1R4.5/2.8,130 96 93
0284 6.9R3/3.6,99 61 60
0285 8.1R4/2.4,110 79 77
0286 7.5R5.5/3.2,152 115 112
0291 0.6R9/1.4,234 223 223
0292 4R8.5/1.8,239 218 217
0293 8.8RP8/5.2,240 180 190
0294 10RP6.5/7.6,228 136 151
0295 10RP7.5/5.6,237 160 173
0296 10RP8/3.6,238 198 202
0301 5.6R8/2,220 201 201
0302 9.4RP7.5/3.6,219 181 186
0303 10RP6.5/6.8,215 141 153
0304 10RP5/5.6,161 97 107
0305 9.4RP5.5/6.4,190 119 131
0306 9.4RP7/5.2,221 166 174
1161 1.9G7/6.8,124 191 129
1162 2.5G6.5/8.4,109 189 119
1163 2.5G4/5.6,37 103 58
1164 2.5G3/3.6,47 82 58
1165 3.1G4/5.2,50 97 62
1166 2.5G5.5/7.6,68 150 91
1171 8.8G7/7.6,70 186 145
1172 10G6/7.2,64 163 130
1173 8.8G5/6.8,42 138 108
1174 8.1G3.5/3.6,36 94 75
1175 9.4G4/6.8,0 108 82
1176 8.1G5.5/7.6,0 151 111
1181 6.9BG6/6.8,42 160 152
1182 6.3BG5.5/7.6,0 152 142
1183 7.5BG4/5.6,0 110 104
1184 7.5BG3.5/3.6,16 87 83
1185 8.8BG3.5/3.6,27 96 92
1186 6.9BG5/6.4,24 137 130
1191 5B6/7.6,0 163 188
1192 5.6B5.5/7.6,0 145 170
1193 5.6B4/6.8,0 104 124
1194 6.3B3/4.8,11 81 93
1195 5.6B3.5/5.6,0 85 98
1196 6.3B5/6.8,23 130 152
1201 8.1B5.5/9.6,0 165 207
1202 9.4B5/9.6,0 126 166
1203 8.8B3.5/5.6,0 95 125
1204 0.6PB3/5.2,20 79 99
1205 8.8B3.5/5.6,0 86 110
1206 10B4/7.2,0 103 132
0311 10RP7.5/2,196 176 178
0312 9.4RP7/3.6,195 159 164
0313 8.8RP5.5/4.4,167 118 127
0314 0.6R4/4,120 79 85
0315 9.4RP4.5/4.4,143 97 105
0316 8.8RP6.5/5.2,193 140 150
0321 9.4RP6.5/1.8,171 153 155
0322 10RP6/3.2,171 137 142
0323 10RP4.5/3.2,128 95 100
0324 7.5R2.5/1.8,81 56 55
0325 9.4RP3.5/2.8,105 76 82
0326 9.4RP5/2.8,147 115 121
0331 7.5RP9/1.2,237 229 230
0332 0.6R9/1.8,236 218 220
0333 3.1RP8/5.6,228 182 205
0334 2.5RP7/7.2,209 149 182
0335 3.8RP7.5/5.6,230 166 200
0336 2.5RP8.5/3.6,235 205 218
0341 6.3RP8.5/2,220 205 211
0342 3.8RP7.5/4,217 185 200
0343 2.5RP7/7.6,209 149 182
0344 3.8RP5/5.6,153 102 129
0345 3.1RP6/6.8,180 123 153
0346 3.1RP7.5/5.2,215 171 192
0351 3.1RP7.5/2,191 177 184
0352 3.1RP7/3.2,191 164 178
0353 3.1RP5.5/4.8,161 119 140
0354 3.8RP4/4.4,116 80 99
0355 3.1RP4.5/4.4,136 98 119
0356 3.1RP6.5/5.2,190 145 168
1211 3.8PB5/9.6,23 129 186
1212 2.5PB4.5/9.6,0 121 181
1213 5PB3.5/7.6,0 89 134
1214 3.8PB3/5.6,24 71 98
1215 6.9PB3.5/7.6,0 79 113
1216 3.8PB4/9.6,0 103 155
1221 6.3PB5/10.8,57 123 189
1222 6.3PB4/9.6,30 98 163
1223 6.3PB3.5/7.6,21 81 137
1224 5.6PB3.5/6.4,45 79 117
1225 6.3PB3.5/7.6,38 83 131
1226 6.3PB3.5/7.6,22 90 151
1231 7.5PB5.5/9.6,106 136 200
1232 8.8PB5/9.6,89 114 182
1233 8.8PB4/9.6,62 85 153
1234 9.4PB2.5/5.6,48 60 98
1235 8.8PB3.5/7.6,60 79 134
1236 8.1PB4.5/9.6,81 102 161
1241 1.9P7/7.61,167 167 218
1242 1.9P5.5/9.6,126 121 184
1243 1.3P3.5/7.6,74 70 123
1244 3.1P3/4,66 62 92
1245 1.3P3/5.6,71 65 108
1246 1.9P4.5/9.6,103 94 156
1251 3.1RP6/9.2,207 127 170
1252 10P5/8.4,159 105 156
1253 6.9P4/6,109 85 126
1254 6.3P4.5/8.4,121 90 144
1255 1.9P4.5/9.6,102 94 157
1256 1.9P4/6.8,94 89 134
0361 1.9RP6.5/2,165 151 159
0362 1.9RP6/3.2,160 136 151
0363 2.5RP4.5/3.2,122 97 112
0364 5.6RP2.5/2.8,73 54 66
0365 3.8RP3.5/2.8,100 75 88
0366 3.1RP5/3.2,141 116 130
0371 2.5RP9/1.2,230 223 227
0372 0.6RP9/1.6,232 223 230
0373 9.4P8/5.2,219 187 216
0374 10P6.5/7.6,190 134 188
0375 9.4P7/7.2,201 156 198
0376 8.1P8.5/3.2,226 204 223
0381 7.5P8.5/1.6,215 206 215
0382 9.4P7.5/3.6,207 188 206
0383 9.4P7/7.2,201 157 198
0384 10P5/6.8,146 104 142
0385 8.8P6/6.8,169 129 170
0386 9.4P7.5/5.2,204 172 201
0391 1.3RP9/1.2,228 224 227
0392 7.5P9/1.6,228 223 230
0393 8.1P7.5/5.2,201 184 220
0394 8.1P5.5/9.2,147 111 171
0395 5P7/7.6,184 160 210
0396 8.1P8.5/2.8,216 207 227
0401 3.8P8.5/1.6,210 207 216
0402 5.6P8/3.6,200 191 213
0403 5P7/7.6,184 160 211
0404 6.3P5/6.8,138 110 154
0405 5.6P6/7.6,157 131 178
0406 8.1P7.5/5.2,195 176 208
1261 N2.5,50 50 52
1262 5PB3.5/1,72 77 84
1263 N4.5,101 101 100
1264 10B5.25/1,114 118 121
1265 5PB5.5/1,120 129 136
1266 N6,138 138 137
1271 10B6.5/1,149 154 156
1272 N7,172 171 169
1273 10B7.5/1,178 185 189
1274 5PB8/1,192 197 201
1275 5PB8.5/1,214 217 218
1276 N9,226 229 227
1281 9.4YR9/1.2,246 228 214
1282 2.5YR9/1,243 234 228
1283 6.3YR9/1,236 225 216
1284 9.4RP9/1,239 232 231
1285 8.8P9/1,231 229 230
1286 3.8P9/1,231 233 232
1291 0.6YR9/1,242 238 231
1292 6.3YR9/1,241 235 225
1293 7.5R9/1,244 233 223
1294 7.5YR9/1,235 227 218
1295 6.9YR8.5/1,225 218 210
1296 5.6R8.5/1,220 216 213
1301 6.3Y9/1,242 236 219
1302 3.8Y9/1,242 239 226
1303 10YR9/1,241 230 215
1304 2.5Y9/1.2,244 233 215
1305 2.5Y9/1,242 237 224
1306 5.6Y9/1,246 237 219
0411 9.4P8/1,204 202 205
0412 4.4P7/4,175 165 190
0413 5.6P5.5/5.6,144 127 161
0414 6.9P4/4.4,100 83 112
0415 6.3P5/5.2,126 106 139
0416 6.3P6.5/5.2,169 151 185
0421 0.6P6.5/1.8,160 155 167
0422 6.9PB6/3.6,155 144 166
0423 7.5PB4.5/3.6,110 101 123
0424 8.8PB2.5/3.6,69 58 76
0425 7.5PB3.5/3.6,89 77 97
0426 6.9PB5/4,132 122 143
0431 7.5P9/1,231 231 233
0432 2.5P8.5/1.6,220 221 229
0433 10PB8/5,193 197 227
0434 1.9P5.5/9.6,125 120 182
0435 1.9P7/7.6,166 166 217
0436 7.5PB8.5/3.6,205 209 229
0441 1.3P8/1.8,205 207 217
0442 1.3P8/3.6,193 196 221
0443 1.9P7/7.6,167 166 218
0444 1.9P5/7.2,118 114 162
0445 1.3P6/7.6,142 139 187
0446 7.5PB7.5/5.2,180 183 219
0451 0.6P7.5/1.8,181 183 194
0452 0.6P7/4,166 168 194
0453 0.6P5.5/5.6,129 131 168
0454 0.6P4/5.2,84 84 119
0455 0.6P4.5/5.6,106 106 143
0456 1.3P6.5/5.6,155 155 192
1311 8.8Y9/1,239 237 230
1312 1.3Y9/1,237 237 228
1313 6.9Y9/1,244 240 225
1314 7.5Y9/1,238 235 220
1315 2.5Y9/1,240 237 225
1316 6.9Y9/1,243 237 221
1321 7.5GY9/1,240 239 238
1322 2.5GY9/1,231 233 220
1323 2.5GY9/1,234 235 222
1324 8.8GY9/1,235 239 230
1325 8.8GY9/1,232 237 227
1326 9.4GY9/1,232 234 228
1331 5.6GY9/1,233 235 233
1332 1.3GY9/1,231 236 232
1333 6.9B9/1,228 238 235
1334 2.5PB9/1,219 229 229
1335 7.5PB9/1,224 231 231
1336 6.3PB9/1,218 226 229
1341 1.3GY9/1,231 236 234
1342 6.9GY8.5/1,221 222 215
1343 1.9GY8.5/1,220 216 205
1344 1.9GY8/1,207 204 196
1345 6.9GY8/1,206 206 200
1346 7.5GY8.5/1,223 218 201
1351 7.5PB9/1,228 234 231
1352 1.3PB9/1,229 233 227
1353 6.9PB9/1,227 232 228
1354 8.8BG8.5/1,213 219 217
1355 9.4B8.5/1,210 216 217
1356 2.5PB8/1,200 205 203
0461 1.3P6.5/2,158 158 170
0462 7.5PB6/3.6,135 147 169
0463 8.1PB4.5/3.6,97 107 129
0464 8.1PB3/3.2,55 63 83
0465 8.1PB3.5/3.2,74 83 106
0466 6.3PB5.5/4,111 124 148
0471 1.3P9/1,225 229 231
0472 7.5PB9/1.6,218 226 234
0473 6.3PB8/4.4,184 202 230
0474 6.9PB6/9.2,118 148 208
0475 7.5PB7/7.6,146 171 220
0476 6.3PB8.5/3.6,197 212 232
0481 8.8PB8.5/1,209 215 221
0482 6.3PB8/3.6,193 198 221
0483 7.5PB6/7.6,124 145 195
0484 8.1PB4.5/7.6,78 98 144
0485 8.1PB5/7.2,101 122 169
0486 6.9PB7.5/5.2,165 185 219
0491 6.9PB7.5/2.4,175 184 197
0492 6.9PB7/4,158 170 194
0493 6.9PB5.5/5.2,119 136 170
0494 8.1PB4/5.2,80 92 127
0495 7.5PB5/5.6,99 115 151
0496 6.9PB6.5/5.2,140 158 193
0501 8.8PB9/1,223 230 231
0502 1.3PB8.5/1.8,211 225 232
0503 5PB6/9,164 200 229
0504 4.4PB6/9.2,85 143 197
0505 4.4PB7/7.2,133 178 220
0506 3.8PB8.5/3.2,188 214 231
1361 9.4R9/1,238 235 230
1362 4.4R8.5/1,220 218 215
1363 5PB7.5/1,184 189 195
1364 6.3PB6.5/1.8,155 162 174
1365 3.8P6.5/1,165 164 171
1366 5P7.5/1.4,187 185 190
1371 5.6R8/1,205 205 202
1372 2.5PB8/1,197 203 204
1373 2.5PB7.5/1,184 190 194
1374 2.5PB7/1,160 167 173
1375 0.6RP7/1,181 181 179
1376 4R7.5/1,194 192 189
1381 1.9Y9/1,238 228 218
1382 0.6Y9/1.2,228 223 219
1383 10YR8/1,219 204 192
1384 6.9R8/1,206 201 198
1385 0.6Y8/2.4,201 188 183
1386 6.9YR8/1,205 200 194
1391 9.4Y9/1.6,240 230 216
1392 8.8Y9/2,241 227 211
1393 8.1Y9/2.4,249 230 206
1394 7.5Y9/3.6,237 222 203
1395 5.6Y9/3.2,228 203 179
1396 3.8Y8.5/3.6,216 193 171
1401 9.4RP9/1,246 225 230
1402 7.5R9/1.8,248 215 216
1403 6.3RP8/4.8,244 195 210
1404 5.6RP8/4.4,233 190 204
1405 4.4RP8/5.2,237 190 210
1406 7.5RP7.5/4.8,229 177 189
0511 0.6PB8.5/1.8,193 211 219
0512 0.6PB8/3.6,170 203 220
0513 1.9PB6/6.4,100 155 191
0514 3.8PB4.5/6.4,60 108 144
0515 1.9PB5.5/6.8,76 131 166
0516 3.1PB7.5/5.2,148 191 217
0521 4.4PB9/1,222 230 232
0522 9.4PB9/1.4,211 228 233
0523 3.1PB8/5.6,155 202 228
0524 1.3PB6.5/7.6,88 171 217
0525 3.1PB7.5/5.6,131 192 229
0526 3.1PB8.5/3.2,183 216 231
0531 6.3PB8.5/1.8,198 210 218
0532 1.9PB8/3.2,174 199 217
0533 5PB6/7.2,109 150 194
0534 6.3PB4.5/7.2,72 104 146
0535 5.6PB5/7.6,86 125 171
0536 4.4PB7.5/5.6,155 188 221
0541 1.3PB7.5/2,170 186 195
0542 1.3PB7/3.6,146 175 194
0543 1.9PB5.5/5.2,101 142 170
0544 3.9PB4/4.8,65 98 124
0545 2.5PB5/4.8,85 121 148
0546 1.3PB6.5/4.8,123 164 189
0551 1.9PB6.5/2,144 159 169
0552 2.5PB6/3.6,123 149 170
0553 3.1PB4.5/3.2,87 109 127
0554 5PB2.5/3.2,47 65 80
0555 3.1PB3.5/3.2,66 89 107
0556 2.5PB5.5/3.6,103 129 148
1411 7.5R8.5/1.8,243 214 214
1412 7.5RP8.5/3.2,242 211 215
1413 7.5RP8.5/3.6,250 203 210
1414 10RP8/4.4,244 193 195
1415 10RP8/5.2,241 181 185
1416 10RP7.5/4.4,228 176 180
1421 7.5R9/2,247 227 221
1422 1.9YR9/1.8,249 217 211
1423 7.5RP8.5/3.6,247 203 206
1424 5R8/3.6,241 192 191
1425 10RP7.5/4.8,234 179 181
1426 10RP7.5/5.2,233 174 173
1431 0.6YR9/1,236 227 222
1432 5YR9/1.8,247 218 206
1433 0.6YR8.5/2.4,248 213 206
1434 8.1R8/3.6,242 196 189
1435 0.6YR8/4,243 188 179
1436 0.6YR7.5/4,238 179 174
1441 6.3YR9/1.6,246 225 210
1442 1.3YR8.5/2,245 214 205
1443 1.9YR8.5/3.6,253 204 185
1444 1.3YR8/4,243 187 173
1445 0.6YR8/4.4,238 182 167
1446 8.8R7/3.6,206 162 154
1451 7.5YR9/2,251 221 204
1452 9.4YR9/2.4,253 217 189
1453 7.5R8.5/3.6,251 205 174
1454 4.4YR8.5/3.6,251 201 175
1455 4.4YR8/3.6,234 189 168
1456 5YR8/4,237 188 163
0561 7.5B9/1,222 234 233
0562 5B9/1.4,206 230 232
0563 3.1B8/3.6,143 209 221
0564 5.6B6.5/7.8,62 179 203
0565 2.5B7.5/3.6,113 202 219
0566 7.5BG8.5/1.8,176 221 227
0571 2.5PB9/1,221 232 231
0572 6.9B9/1.4,206 227 230
0573 5.6B8/3.6,153 211 229
0574 7.5B6.5/7.6,69 173 206
0575 5B7.5/3.6,121 196 219
0576 1.3B8.5/1.8,184 223 232
0581 5B8/1.6,190 211 216
0582 7.5B8/3.2,166 205 218
0583 7.5B7/6.4,105 183 209
0584 9.4B5.5/6.4,64 135 163
0585 8.8B6/6,91 158 185
0586 6.3B7.5/3.6,139 194 212
0591 1.9B8.5/1.6,195 213 215
0592 3.8B8/3.2,160 204 211
0593 5B7/6,103 189 207
0594 6.3B5.5/5.6,63 139 159
0595 5.6B6/5.6,82 160 179
0596 3.8B7.5/3.6,132 197 210
0601 3.1B7.5/1.4,167 184 187
0602 5.6B7/3.2,138 177 187
0603 6.3B6/4.4,96 149 165
0604 6.3B4/3.6,61 105 119
0605 6.9B5/4.4,74 126 142
0606 6.3B6.5/4.4,117 173 187
1461 2.5Y9/1.6,231 230 225
1462 3.1Y9/1.6,246 228 203
1463 1.3Y8.5/2.8,243 213 179
1464 1.9Y8.5/2.4,233 206 176
1465 1.9Y8.5/3.6,236 201 160
1466 1.3Y8/2.4,223 201 177
1471 8.8YR9/1,237 234 231
1472 1.3R9/1,242 225 204
1473 10YR8/1.2,253 223 189
1474 1.3YR8/1,255 216 174
1475 5YR7.5/1,252 210 170
1476 3.1YR7.5/1,254 203 153
1481 5Y9/2,251 231 192
1482 1.9Y9/1.6,252 227 190
1483 1.9Y9/2.4,254 224 177
1484 0.6Y9/3.6,255 222 168
1485 10YR8.5/3.6,255 221 168
1486 9.4YR8.5/4.8,255 216 157
1491 5Y9/2.4,247 238 207
1492 3.8Y9/2.4,248 237 199
1493 3.1Y9/3.2,249 234 189
1494 4.4Y9/3.6,251 232 177
1495 3.1Y9/3.6,252 228 175
1496 3.1Y9/4.4,246 216 168
1501 8.8Y9/1.4,245 238 211
1502 2.5GY9/2.4,236 235 192
1503 1.9GY9/2.8,236 232 182
1504 3.8GY9/3.2,230 233 176
1505 1.3GY9/3.6,241 234 175
1506 2.5GY9/3.6,229 228 167
0611 6.3B6.5/1.8,139 158 163
0612 5.6B6/2.8,120 156 166
0613 6.9B4.5/2.8,83 114 124
0614 6.9B3/2.4,48 72 80
0615 7.5B4/2.8,65 92 101
0616 6.3B5.5/2.8,103 135 146
0621 3.1B8.5/1,208 218 219
0622 7.5B7.5/1,179 189 192
0623 6.3B6/1.6,124 141 147
0624 7.5B4.5/1.6,89 104 109
0625 6.9B5/1.6,106 122 128
0626 8.8B6.5/1.8,142 160 167
0631 3.1B9/1,222 234 230
0632 0.6B9/1.2,207 231 229
0633 7.5G8.5/3.2,156 224 218
0634 7.5BG7/7.6,54 189 180
0635 7.5BG7.5/3.6,106 197 191
0636 3.1BG8.5/1.8,183 226 220
0641 6.3BG8.5/1.4,194 216 213
0642 7.5BG8/2.4,163 206 203
0643 7.5BG7.5/3.6,107 197 191
0644 7.5BG5.5/5.2,65 144 140
0645 8.1BG6.5/5.2,90 170 165
0646 7.5BG7.5/3.6,136 202 197
0651 7.5BG7.5/1.2,167 187 185
0652 8.1BG7/2.8,140 181 178
0653 8.1BG6/3.6,97 154 152
0654 7.5BG4.5/3.6,58 109 107
0655 7.5BG5/4,75 130 128
0656 7.5BG6.5/4,114 175 171
1511 8.1Y9/3.2,247 232 178
1512 3.1GY9/2.4,235 235 192
1513 3.8GY9/2.8,228 232 184
1514 6.9GY9/3.2,220 235 184
1515 7.5GY9/2.8,215 234 187
1516 4.4GY9/3.6,220 228 167
1521 4.4GY9/1,233 236 219
1522 9.4GY9/1.2,229 242 222
1523 0.6G9/1.6,215 236 210
1524 8.1GY9/1.6,217 230 201
1525 4.4GY8.5/2,207 213 179
1526 8.8GY8.5/2.4,203 223 190
1531 6.9GY9/1.4,231 241 215
1532 8.8GY8.5/3.6,202 231 182
1533 0.6G8.5/2.4,189 216 184
1534 1.3G8.5/3.6,190 229 188
1535 2.5G8.5/3.2,189 232 198
1536 1.9G8.5/2.8,184 219 187
1541 6.9G9/1.4,219 242 228
1542 1.3G8.5/2,202 227 200
1543 3.1G8.5/2.8,185 221 193
1544 3.8G8.5/2.8,182 223 195
1545 7.5G8.5/3.6,173 221 198
1546 6.9G8.5/2.8,168 228 202
1551 3.1BG8.5/1.8,195 226 217
1552 4.4BG8.5/1.8,185 223 217
1553 2.5BG8.5/1.8,176 217 207
1554 7.5G8.5/2.8,166 226 218
1555 4.4B8/3.2,157 220 221
1556 2.5B8/3.6,157 216 223
0661 8.1BG6.5/1.2,144 163 162
0662 7.5BG6/2.4,121 158 156
0663 8.1BG4.5/2.4,83 117 117
0664 5BG3/3.6,19 78 70
0665 8.8BG4/2.4,68 96 96
0666 8.1BG5.5/2.4,101 137 137
0671 0.6G9/1,228 236 226
0672 6.9G9/1,214 234 222
0673 7.5G8.5/3.6,163 225 196
0674 9.4G7/6.8,94 191 155
0675 7.5G7.5/5.6,121 202 170
0676 6.25G8.5/2.4,191 231 210
0681 5.6G8.5/1.2,199 217 206
0682 8.1G8/2.4,173 211 193
0683 7.5G7.5/5.2,118 203 178
0684 9.4G5.5/5.2,74 144 120
0685 10G6.5/5.6,94 171 144
0686 9.4G8/3.6,152 206 182
0691 7.5G7.5/1.4,170 191 180
0692 8.8G7/2.4,147 182 167
0693 10G6/4,99 153 132
0694 10G4/3.6,62 106 91
0695 10G5/4,82 129 113
0696 9.4G7/4.4,123 180 157
0701 9.4G6.5/1,151 167 161
0702 9.4G6.5/2.8,124 159 145
0703 9.4G5/2.4,88 117 106
0704 8.1G3/2.4,48 73 65
0705 0.6BG4/2.4,67 95 86
0706 10G5.5/2.4,104 136 124
1561 5BG9/1,219 239 231
1562 2.5B8.5/1.6,185 227 228
1563 5.6B8/1.8,187 220 218
1564 5B8/2.4,168 213 211
1565 5BG8.5/1.8,164 213 207
1566 5B8/2,162 208 212
1571 1.9BG9/1,224 232 226
1572 6.9BG8.5/1.8,214 229 226
1573 6.3BG8.5/1.8,187 207 201
1574 10BG8/2.8,169 200 205
1575 7.5BG8/2.8,157 200 206
1576 1.9B8/2.8,160 197 214
1581 2.5B9/1,222 234 234
1582 1.3B9/1,197 219 222
1583 2.5BG8/1,184 206 213
1584 3.8B8/2.4,167 200 208
1585 2.5B7.5/2.8,159 204 213
1586 8.8B7.5/3.6,172 199 206
1591 8.8BG9/1,221 235 230
1592 1.3B8.5/1.8,197 223 225
1593 7.5B8/3.6,167 215 233
1594 4.4B8/3.6,161 213 224
1595 7.5B8/3.6,163 204 217
1596 7.5B7.5/3.6,149 197 216
1601 2.5PB8.5/1,215 223 226
1602 3.1PB8.5/2.8,198 223 233
1603 4.4PB8.5/2.8,196 219 234
1604 3.1PB8/5.2,170 201 229
1605 3.1PB8/4,161 195 218
1606 9.4B7.5/2.8,165 194 207
0711 0.6G9/1,231 236 226
0712 10GY9/1.2,223 235 217
0713 1.9G8.5/3.6,176 221 177
0714 1.3G7.5/5.6,136 209 142
0715 1.9G8/5.2,159 214 160
0716 1.9G8.5/2.8,199 230 198
0721 1.3G8.5/1.2,199 214 198
0722 1.9G8/2.8,180 210 181
0723 2.5G7.5/5.2,142 197 148
0724 1.9G5.5/5.2,97 143 105
0725 1.9G6.5/5.6,117 170 123
0726 1.9G7.5/4,162 202 164
0731 1.3G7.5/1.2,174 189 175
0732 1.3G7/2.4,158 184 158
0733 1.9G6/4,119 156 123
0734 2.5G4.5/3.6,78 109 84
0735 1.9G5/4,96 129 101
0736 2.5G6.5/4,135 176 141
0741 1.9G6.5/1.4,149 163 149
0742 1.9G6.5/2.8,135 159 136
0743 2.5G4.5/2.8,92 115 97
0744 3.1G3/3.6,47 75 55
0745 1.9G4/2.4,76 96 79
0746 2.5G5.5/2.8,112 136 116
0751 4.4G8.5/1,211 218 210
0752 8.1G7.5/1,181 190 184
0753 10G6/1.2,124 143 137
0754 0.6BG4.5/1.4,90 106 101
0755 9.4G5/1.4,106 123 117
0756 4.4G6.5/1.2,148 165 155
1611 6.9PB8.5/2.4,197 212 223
1612 1.3PB8/2.8,184 208 222
1613 3.1PB7.5/2.4,181 195 208
1614 4.4PB8/3.2,183 200 217
1615 3.1PB8/4.4,171 201 225
1616 1.3PB7.5/3.2,165 194 211
1621 5PB8.5/2.4,191 215 225
1622 10B8/3.6,175 210 229
1623 8.8B8/2.8,171 200 213
1624 9.4B7.5/2.4,174 196 206
1625 1.3PB8/3.2,175 201 218
1626 2.5PB7.5/3.6,169 196 218
1631 2.5B9/1,235 237 231
1632 8.8B8.5/1.4,207 223 228
1633 8.8B8.5/1.8,194 213 219
1634 8.8B7.5/1.2,183 194 199
1635 4.4B7.5/1.2,177 191 194
1636 3.8B7.5/1,177 186 188
1641 6.3RP9/1,229 224 223
1642 8.8P8.5/1,217 215 219
1643 6.3PB8.5/3.6,196 211 230
1644 6.3PB8/3.2,185 196 216
1645 8.1PB7.5/3.6,183 192 214
1646 7.5PB8/4.4,184 194 221
1651 5.6RP9/1,233 231 232
1652 3.8P8.5/1.8,211 208 226
1653 0.6RP7.5/3.6,210 186 204
1654 3.8P8/3.6,194 192 218
1655 10PB7.5/2.8,184 188 206
1656 5.6PB8/4,176 196 220
0761 6.3GY9/1,231 234 219
0762 6.3GY9/1.4,226 233 208
0763 7.5GY8.5/4,196 220 163
0764 8.1GY8/5.6,172 207 120
0765 8.1GY8/5.2,180 213 141
0766 6.9GY8.5/2.4,210 224 185
0771 5.6GY8.5/1.2,208 214 194
0772 7.5GY8/2.4,190 207 172
0773 8.1GY7.5/5.2,167 198 131
0774 8.1GY5.5/1.8,118 143 93
0775 8.1GY6.5/5.2,138 168 109
0776 7.5GY7.5/3.6,174 198 148
0781 8.8GY7.5/1.4,176 186 168
0782 8.1GY7/2.8,168 184 149
0783 8.1GY6/4,131 152 110
0784 8.1GY4.5/3.6,92 106 75
0785 8.1GY5/3.6,111 128 94
0786 7.5GY7/3.6,152 174 128
0791 8.1GY7/1.4,159 169 150
0792 8.1GY6.5/2.8,143 158 127
0793 8.1GY5/2.4,105 118 94
0794 6.3GY3/1.8,67 76 59
0795 7.5GY4/2.4,86 97 76
0796 7.5GY5.5/2.4,122 135 109
0801 8.1GY8.5/1,217 219 206
0802 7.5GY7.5/1,187 191 180
0803 8.1GY6/1.4,134 142 126
0804 8.1GY4.5/1.4,97 105 92
0805 8.8GY5/1.4,116 123 111
0806 5.6GY6.5/1.4,159 164 145
1661 9.4RP9/1,238 231 230
1662 9.4P8.5/2.8,222 203 215
1663 4.4RP8.5/2.8,234 210 221
1664 1.9RP8.5/3.6,234 200 218
1665 3.1RP8/4,228 196 213
1666 0.6RP8/4,211 187 206
1671 8.3RP7/8,233 148 166
1672 10RP6/10.5,223 113 131
1673 1.2R5.9/11.5,210 89 104
1674 5R4.4/14,191 55 61
1675 2.3R4.9/12.1,202 73 86
1676 9RP6.4/9.8,227 126 146
1681 8.3R6.8/5.2,217 152 141
1682 9.4R5.8/6,196 118 105
1683 7.8R5.4/7,186 107 94
1684 10R4.1/6.5,148 73 56
1685 9R4.4/9.1,161 79 65
1686 8.7R6.4/6,209 137 124
1691 7.6Y9.3/3.9,255 230 170
1692 4.8Y8.2/6.8,255 211 119
1693 4.4Y8.4/7.4,255 206 109
1695 3.7Y8.6/8.3,245 199 95
1696 6.3Y8.8/5.4,245 218 137
1701 N8.25,206 205 206
1702 N7.75,192 192 192
1703 N7.25,178 178 179
1704 N6.75,163 164 164
1705 N6.25,149 150 150
1706 N5.75,136 136 136
1711 N5.25,122 122 120
0811 2.5GY9/1,239 239 219
0812 3.8GY9/1.4,231 233 206
0813 4.4GY8.5/4.4,217 223 154
0814 2.5GY8/6.8,203 211 109
0815 4.4GY8.5/5.6,210 216 130
0816 3.8GY9/2.8,229 233 181
0821 3.1GY8.5/1.6,216 218 191
0822 4.4GY8.5/2.8,210 213 165
0823 2.5GY7.5/5.6,192 198 119
0824 3.8GY6/4.8,143 144 86
0825 4.4GY6.5/5.2,163 169 100
0826 2.5GY8/4.4,198 204 140
0831 5.6GY7.5/1.4,187 191 169
0832 3.8GY7/2.8,177 180 141
0833 3.8GY6/4,150 153 105
0834 5GY4.5/3.6,106 108 73
0835 4.4GY5/4,124 126 84
0836 4.4GY7/4,172 178 123
0841 4.4GY6.5/1.6,160 163 142
0842 3.8GY6.5/2.8,159 162 124
0843 5GY5/2.8,113 116 87
0844 10Y3.5/1.8,77 78 53
0845 5GY4/2.4,97 99 75
0846 4.4GY5.5/2.8,135 138 104
0851 10Y9/1,238 234 216
0852 1.9GY9/2,239 237 200
0853 1.3GY9/4.8,237 237 151
0854 1.3GY8.5/7.6,232 220 102
0855 1.9GY8.5/6.4,235 225 125
0856 1.9GY9/3.2,238 233 176
0,0
0,0
0,0
0,0
0,0
0,0
0,0
0,0
0,0
0,0
0,0
0,0
0,0
0,0
0,0
0,0
0,0
0,0
0,0
0,0
0,0
0,0
0,0
0,0
0,0
0,0
0,0
0,0
0,0
0,0
0,0
0,0
0,0
0,0
0,0
0,0
0,0
0,0
0,0
0,0
0,0
0,0
0,0
0,0
0,0
0,0
0,0
0,0
0,0
0,0
0,0
0,0
0,0
0,0
0,0
0,0
0,0
0,0
0,0
0,0
0,0
0,0
0,0
0,0
0,0
0,0
0,0
0,0
0,0
0,0
0,0
0,0
0,0
0,0
0,0
0,0
0,0
0,0
0,0
0,0
0,0
0,0
0,0
0,0
0,0
0,0
0,0
0,0
0,0
0,0
0,0
0,0
0,0
0,0
0,0
0,0
0,0
0,0
0,0
0,0
0,0
0,0
0,0
0,0
0,0
0,0
0,0
0,0
0,0
0,0
0,0
0,0
0,0
0,0
0,0
0,0
0,0
0,0
0,0
0,0
0,0
0,0
0,0
0,0
0,0
0,0
0,0
0,0
0,0
0,0
0,0
0,0
0,0
0,0
0,0
0,0
0,0
0,0
0,0
0,0
0,0
0,0
0,0
0,0
0,0
0,0
0,0
0,0
0,0
0,0
0,0
0,0
0,0
0,0
0,0
0,0
0,0
0,0
0,0
0,0
0,0
0,0
0,0
0,0
0,0
0,0
0,0
0,0
0,0
0,0
0,0
0,0
0,0
0,0
0,0
0,0
0,0
0,0
0,0
0,0
0,0
0,0
0,0
0,0
0,0
0,0
0,0
0,0
0,0
0,0
0,0
0,0
0,0
0,0
0,0
0,0
0,0
0,0
0,0
0,0
0,0
0,0
0,0
0,0
0,0
0,0
0,0
0,0
0,0
0,0
0,0
0,0
0,0
0,0
0,0
0,0
0,0
0,0
0,0
0,0
0,0
0,0
0,0
0,0
0,0
0,0
0,0
0,0
0,0
0,0
0,0
0,0
0,0
0,0
0,0
0,0
0,0
0,0
0,0
0,0
0,0
0,0
0,0
0,0
0,0
0,0
0,0
0,0
0,0
0,0
0,0
0,0
0,0
0,0
0,0
0,0
0,0
0,0
0,0
0,0
0,0
0,0
0,0
0,0
0,0
0,0
0,0
0,0
0,0
0,0
0,0
0,0
0,0
0,0
0,0
0,0
0,0
0,0
0,0
0,0
0,0
0,0
0,0
0,0
0,0
0,0
0,0
0,0
0,0
0,0
0,0
0,0
0,0
0,0
0,0
0,0
0,0
0,0
0,0
0,0
0,0
0,0
0,0
0,0
0,0
0,0
0,0
0,0
0,0
0,0
0,0
0,0
0,0
0,0
0,0
0,0
0,0
0,0
0,0
0,0
0,0
0,0
0,0
0,0
0,0
0,0
0,0
0,0
0,0
0,0
0,0
0,0
0,0
0,0
0,0
0,0
0,0
0,0
0,0
0,0
0,0
0,0
0,0
0,0
0,0
0,0
0,0
0,0
0,0
0,0
0,0
0,0
0,0
0,0
0,0
0,0
0,0
0,0
0,0
0,0
0,0
0,0
0,0
0,0
0,0
0,0
0,0
0,0
0,0
0,0
0,0
0,0
0,0
0,0
0,0
0,0
0,0
0,0
0,0
0,0
0,0
0,0
0,0
0,0
0,0
0,0
0,0
0,0
0,0
0,0
0,0
0,0
0,0
0,0
0,0
0,0
0,0
0,0
0,0
0,0
0,0
0,0
0,0
0,0
0,0
0,0
0,0
0,0
0,0
0,0
0,0
0,0
0,0
0,0
0,0
0,0
0,0
0,0
0,0
0,0
0,0
0,0
0,0
0,0
0,0
0,0
0,0
0,0
0,0
0,0
0,0
0,0
0,0
0,0
0,0
0,0
0,0
0,0
0,0
0,0
0,0
0,0
0,0
0,0
0,0
0,0
0,0
0,0
0,0
0,0
0,0
0,0
0,0
0,0
0,0
0,0
0,0
0,0
0,0
0,0
0,0
0,0
0,0
0,0
0,0
0,0
0,0
0,0
0,0
0,0
0,0
0,0
0,0
0,0
0,0
0,0
0,0
0,0
0,0
0,0
0,0
0,0
0,0
0,0
0,0
0,0
0,0
0,0
0,0
0,0
0,0
0,0
0,0
0,0
0,0
0,0
0,0
0,0
0,0
0,0
0,0
0,0
0,0
0,0
0,0
0,0
0,0
0,0
0,0
0,0
0,0
0,0
0,0
0,0
0,0
0,0
0,0
0,0
0,0
0,0
0,0
0,0
0,0
0,0
0,0
0,0
0,0
0,0
0,0
0,0
0,0
0,0
0,0
0,0
0,0
0,0
0,0
0,0
0,0
0,0
0,0
0,0
0,0
0,0
0,0
0,0
0,0
0,0
0,0
0,0
0,0
0,0
0,0
0,0
0,0
0,0
0,0
0,0
0,0
0,0
0,0
0,0
0,0
0,0
0,0
0,0
0,0
0,0
0,0
0,0
0,0
0,0
0,0
0,0
0,0
0,0
0,0
0,0
0,0
0,0
0,0
0,0
0,0
0,0
0,0
0,0
0,0
0,0
0,0
0,0
0,0
0,0
0,0
0,0
0,0
0,0
0,0
0,0
0,0
0,0
0,0
0,0
0,0
0,0
0,0
0,0
0,0
0,0
0,0
0,0
0,0
0,0
0,0
0,0
0,0
0,0
0,0
0,0
0,0
0,0
0,0
0,0
0,0
0,0
0,0
0,0
0,0
0,0
0,0
0,0
0,0
0,0
0,0
0,0
0,0
0,0
0,0
0,0
0,0
0,0
0,0
0,0
0,0
0,0
0,0
0,0
0,0
0,0
0,0
0,0
0,0
0,0
0,0
0,0
0,0
0,0
0,0
0,0
0,0
0,0
0,0
0,0
0,0
0,0
0,0
0,0
0,0
0,0
0,0
0,0
0,0
0,0
0,0
0,0
0,0
0,0
0,0
0,0
0,0
0,0
0,0
0,0
0,0
0,0
0,0
0,0
0,0
0,0
0,0
0,0
0,0
0,0
0,0
0,0
0,0
0,0
0,0
0,0
0,0
0,0
0,0
0,0
0,0
0,0
0,0
0,0
0,0
0,0
0,0
0,0
0,0
0,0
0,0
0,0
0,0
0,0
0,0
0,0
0,0
0,0
0,0
0,0
0,0
0,0
0,0
0,0
0,0
0,0
0,0
0,0
0,0
0,0
0,0
0,0
0,0
0,0
0,0
0,0
0,0
0,0
0,0
0,0
0,0
0,0
0,0
0,0
0,0
0,0
0,0
0,0
0,0
0,0
0,0
0,0
0,0
0,0
0,0
0,0
0,0
0,0
0,0
0,0
0,0
0,0
0,0
0,0
0,0
0,0
0,0
0,0
0,0
0,0
0,0
0,0
0,0
0,0
0,0
0,0
0,0
0,0
0,0
0,0
0,0
0,0
0,0
0,0
0,0
0,0
0,0
0,0
0,0
0,0
0,0
0,0
0,0
0,0
0,0
0,0
0,0
0,0
0,0
0,0
0,0
0,0
0,0
0,0
0,0
0,0
0,0
0,0
0,0
0,0
0,0
0,0
0,0
0,0
0,0
0,0
0,0
0,0
0,0
0,0
0,0
0,0
0,0
0,0
0,0
0,0
0,0
0,0
0,0
0,0
0,0
0,0
0,0
0,0
0,0
0,0
0,0
0,0
0,0
0,0
0,0
0,0
0,0
0,0
0,0
0,0
0,0
0,0
0,0
0,0
0,0
0,0
0,0
0,0
0,0
0,0
0,0
0,0
0,0
0,0
0,0
0,0
0,0
0,0
0,0
0,0
0,0
0,0
0,0
0,0
0,0
0,0
0,0
0,0
0,0
0,0
0,0
0,0
0,0
0,0
0,0
0,0
0,0
0,0
0,0
0,0
0,0
0,0
0,0
0,0
0,0
0,0
0,0
0,0
0,0
0,0
0,0
0,0
0,0
0,0
0,0
0,0
0,0
0,0
0,0
0,0
0,0
0,0
0,0
0,0
0,0
0,0
0,0
0,0
0,0
0,0
0,0
0,0
0,0
0,0
0,0
0,0
0,0
0,0
0,0
0,0
0,0
0,0
0,0
0,0
0,0
0,0
0,0
0,0
0,0
0,0
0,0
0,0
0,0
0,0
0,0
0,0
0,0
0,0
0,0
0,0
0,0
0,0
0,0
0,0
0,0
0,0
0,0
0,0
0,0
0,0
0,0
0,0
0,0
0,0
0,0
0,0
0,0
0,0
0,0
0,0
0,0
0,0
0,0
0,0
0,0
0,0
0,0
0,0
0,0
0,0
0,0
0,0
0,0
0,0
0,0
0,0
0,0
0,0
0,0
0,0
0,0
0,0
0,0
0,0
0,0
0,0
0,0
0,0
0,0
0,0
0,0
0,0
0,0
0,0
0,0
0,0
0,0
0,0
0,0
0,0
0,0
0,0
0,0
0,0
0,0
0,0
0,0
0,0
0,0
0,0
0,0
0,0
0,0
0,0
0,0
0,0
0,0
0,0
0,0
0,0
0,0
0,0
0,0
0,0
0,0
0,0
0,0
0,0
0,0
0,0
0,0
0,0
0,0
0,0
0,0
0,0
0,0
0,0
0,0
0,0
0,0
0,0
0,0
0,0
0,0
0,0
0,0
0,0
0,0
0,0
0,0
0,0
0,0
0,0
0,0
0,0
0,0
0,0
0,0
0,0
0,0
0,0
0,0
0,0
0,0
0,0
0,0
0,0
0,0
0,0
0,0
0,0
0,0
0,0
0,0
0,0
0,0
0,0
0,0
0,0
0,0
0,0
0,0
0,0
0,0
0,0
0,0
0,0
0,0
0,0
0,0
0,0
0,0
0,0
0,0
0,0
0,0
0,0
0,0
0,0
0,0
0,0
0,0
0,0
0,0
0,0
0,0
0,0
0,0
0,0
0,0
0,0
0,0
0,0
0,0
0,0
0,0
0,0
0,0
0,0
0,0
0,0
0,0
0,0
0,0
0,0
0,0
0,0
0,0
0,0
0,0
0,0
0,0
0,0
0,0
0,0
0,0
0,0
0,0
0,0
0,0
0,0
0,0
0,0
0,0
0,0
0,0
0,0
0,0
0,0
0,0
0,0
0,0
0,0
0,0
0,0
0,0
0,0
0,0
0,0
0,0
0,0
0,0
0,0
0,0
0,0
0,0
0,0
0,0
0,0
0,0
0,0
0,0
0,0
0,0
0,0
0,0
0,0
0,0
0,0
0,0
0,0
0,0
0,0
0,0
0,0
0,0
0,0
0,0
0,0
0,0
0,0
0,0
0,0
0,0
0,0
0,0
0,0
0,0
0,0
0,0
0,0
0,0
0,0
0,0
0,0
0,0
0,0
0,0
0,0
0,0
0,0
0,0
0,0
0,0
0,0
0,0
0,0
0,0
0,0
0,0
0,0
0,0
0,0
0,0
0,0
0,0
0,0
0,0
0,0
0,0
0,0
0,0
0,0
0,0
0,0
0,0
0,0
0,0
0,0
0,0
0,0
0,0
0,0
0,0
0,0
0,0
0,0
0,0
0,0
0,0
0,0
0,0
0,0
0,0
0,0
0,0
0,0
0,0
0,0
0,0
0,0
0,0
0,0
0,0
0,0
0,0
0,0
0,0
0,0
0,0
0,0
0,0
0,0
0,0
0,0
0,0
0,0
0,0
0,0
0,0
0,0
0,0
0,0
0,0
0,0
0,0
0,0
0,0
0,0
0,0
0,0
0,0
0,0
0,0
0,0
0,0
0,0
0,0
0,0
0,0
0,0
0,0
0,0
0,0
0,0
0,0
0,0
0,0
0,0
0,0
0,0
0,0
0,0
0,0
0,0
0,0
0,0
0,0
0,0
0,0
0,0
0,0
0,0
0,0
0,0
0,0
0,0
0,0
0,0
0,0
0,0
0,0
0,0
0,0
0,0
0,0
0,0
0,0
0,0
0,0
0,0
0,0
0,0
0,0
0,0
0,0
0,0
0,0
0,0
0,0
0,0
0,0
0,0
0,0
0,0
0,0
0,0
0,0
0,0
0,0
0,0
0,0
0,0
0,0
0,0
0,0
0,0
0,0
0,0
0,0
0,0
0,0
0,0
0,0
0,0
0,0
0,0
0,0
0,0
0,0
0,0
0,0
0,0
0,0
0,0
0,0
0,0
0,0
0,0
0,0
0,0
0,0
0,0
0,0
0,0
0,0
0,0
0,0
0,0
0,0
0,0
0,0
0,0
0,0
0,0
0,0
0,0
0,0
0,0
0,0
0,0
0,0
0,0
0,0
0,0
0,0
0,0
0,0
0,0
0,0
0,0
0,0
0,0
0,0
0,0
0,0
0,0
0,0
0,0
0,0
0,0
0,0
0,0
0,0
0,0
0,0
0,0
0,0
0,0
0,0
0,0
0,0
0,0
0,0
0,0
0,0
0,0
0,0
0,0
0,0
0,0
0,0
0,0
0,0
0,0
0,0
0,0
0,0
0,0
0,0
0,0
0,0
0,0
0,0
0,0
0,0
0,0
0,0
0,0
0,0
0,0
0,0
0,0
0,0
0,0
0,0
0,0
0,0
0,0
0,0
0,0
0,0
0,0
0,0
0,0
0,0
0,0
0,0
0,0
0,0
0,0
0,0
0,0
0,0
0,0
0,0
0,0
0,0
0,0
0,0
0,0
0,0
0,0
0,0
0,0
0,0
0,0
0,0
0,0
0,0
0,0
0,0
0,0
0,0
0,0
0,0
0,0
0,0
0,0
0,0
0,0
0,0
0,0
0,0
0,0
0,0
0,0
0,0
0,0
0,0
0,0
0,0
0,0
0,0
0,0
0,0
0,0
0,0
0,0
0,0
0,0
0,0
0,0
0,0
0,0
0,0
0,0
0,0
0,0
0,0
0,0
0,0
0,0
0,0
0,0
0,0
0,0
0,0
0,0
0,0
0,0
0,0
0,0
0,0
0,0
0,0
0,0
0,0
0,0
0,0
0,0
0,0
0,0
0,0
0,0
0,0
0,0
0,0
0,0
0,0
0,0
0,0
0,0
0,0
0,0
0,0
0,0
0,0
0,0
0,0
0,0
0,0
0,0
0,0
0,0
0,0
0,0
0,0
0,0
0,0
0,0
0,0
0,0
0,0
0,0
0,0
0,0
0,0
0,0
0,0
0,0
0,0
0,0
0,0
0,0
0,0
0,0
0,0
0,0
0,0
0,0
0,0
0,0
0,0
0,0
0,0
0,0
0,0
0,0
0,0
0,0
0,0
0,0
0,0
0,0
0,0
0,0
0,0
0,0
0,0
0,0
0,0
0,0
0,0
0,0
0,0
0,0
0,0
0,0
0,0
0,0
0,0
0,0
0,0
0,0
0,0
0,0
0,0
0,0
0,0
0,0
0,0
0,0
0,0
0,0
0,0
0,0
0,0
0,0
0,0
0,0
0,0
0,0
0,0
0,0
0,0
0,0
0,0
0,0
0,0
0,0
0,0
0,0
0,0
0,0
0,0
0,0
0,0
0,0
0,0
0,0
0,0
0,0
0,0
0,0
0,0
0,0
0,0
0,0
0,0
0,0
0,0
0,0
0,0
0,0
0,0
0,0
0,0
0,0
0,0
0,0
0,0
0,0
0,0
0,0
0,0
0,0
0,0
0,0
0,0
0,0
0,0
0,0
0,0
0,0
0,0
0,0
0,0
0,0
0,0
0,0
0,0
0,0
0,0
0,0
0,0
0,0
0,0
0,0
0,0
0,0
0,0
0,0
0,0
0,0
0,0
0,0
0,0
0,0
0,0
0,0
0,0
0,0
0,0
0,0
0,0
0,0
0,0
0,0
0,0
0,0
0,0
0,0
0,0
0,0
0,0
0,0
0,0
0,0
0,0
0,0
0,0
0,0
0,0
0,0
0,0
0,0
0,0
0,0
0,0
0,0
0,0
0,0
0,0
0,0
0,0
0,0
0,0
0,0
0,0
0,0
0,0
0,0
0,0
0,0
0,0
0,0
0,0
0,0
0,0
0,0
0,0
0,0
0,0
0,0
0,0
0,0
0,0
0,0
0,0
0,0
0,0
0,0
0,0
0,0
0,0
0,0
0,0
0,0
0,0
0,0
0,0
0,0
0,0
0,0
0,0
0,0
0,0
0,0
0,0
0,0
0,0
0,0
0,0
0,0
0,0
0,0
0,0
0,0
0,0
0,0
0,0
0,0
0,0
0,0
0,0
0,0
0,0
0,0
0,0
0,0
0,0
0,0
0,0
0,0
0,0
0,0
0,0
0,0
0,0
0,0
0,0
0,0
0,0
0,0
0,0
0,0
0,0
0,0
0,0
0,0
0,0
0,0
0,0
0,0
0,0
0,0
0,0
0,0
0,0
0,0
0,0
0,0
0,0
0,0
0,0
0,0
0,0
0,0
0,0
0,0
0,0
0,0
0,0
0,0
0,0
0,0
0,0
0,0
0,0
0,0
0,0
0,0
0,0
0,0
0,0
0,0
0,0
0,0
0,0
0,0
0,0
0,0
0,0
0,0
0,0
0,0
0,0
0,0
0,0
0,0
0,0
0,0
0,0
0,0
0,0
0,0
0,0
0,0
0,0
0,0
0,0
0,0
0,0
0,0
0,0
0,0
0,0
0,0
0,0
0,0
0,0
0,0
0,0
0,0
0,0
0,0
0,0
0,0
0,0
0,0
0,0
0,0
0,0
0,0
0,0
0,0
0,0
0,0
0,0
0,0
0,0
0,0
0,0
0,0
0,0
0,0
0,0
0,0
0,0
0,0
0,0
0,0
0,0
0,0
0,0
0,0
0,0
0,0
0,0
0,0
0,0
0,0
0,0
0,0
0,0
0,0
0,0
0,0
0,0
0,0
0,0
0,0
0,0
0,0
0,0
0,0
0,0
0,0
0,0
0,0
0,0
0,0
0,0
0,0
0,0
0,0
0,0
0,0
0,0
0,0
0,0
0,0
0,0
0,0
0,0
0,0
0,0
0,0
0,0
0,0
0,0
0,0
0,0
0,0
0,0
0,0
0,0
0,0
0,0
0,0
0,0
0,0
0,0
0,0
0,0
0,0
0,0
0,0
0,0
0,0
0,0
0,0
0,0
0,0
0,0
0,0
0,0
0,0
0,0
0,0
0,0
0,0
0,0
0,0
0,0
0,0
0,0
0,0
0,0
0,0
0,0
0,0
0,0
0,0
0,0
0,0
0,0
0,0
0,0
0,0
0,0
0,0
0,0
0,0
0,0
0,0
0,0
0,0
0,0
0,0
0,0
0,0
0,0
0,0
0,0
0,0
0,0
0,0
0,0
0,0
0,0
0,0
0,0
0,0
0,0
0,0
0,0
0,0
0,0
0,0
0,0
0,0
0,0
0,0
0,0
0,0
0,0
0,0
0,0
0,0
0,0
0,0
0,0
0,0
0,0
0,0
0,0
0,0
0,0
0,0
0,0
0,0
0,0
0,0
0,0
0,0
0,0
0,0
0,0
0,0
0,0
0,0
0,0
0,0
0,0
0,0
0,0
0,0
0,0
0,0
0,0
0,0
0,0
0,0
0,0
0,0
0,0
0,0
0,0
0,0
0,0
0,0
0,0
0,0
0,0
0,0
0,0
0,0
0,0
0,0
0,0
0,0
0,0
0,0
0,0
0,0
0,0
0,0
0,0
0,0
0,0
0,0
0,0
0,0
0,0
0,0
0,0
0,0
0,0
0,0
0,0
0,0
0,0
0,0
0,0
0,0
0,0
0,0
0,0
0,0
0,0
0,0
0,0
0,0
0,0
0,0
0,0
0,0
0,0
0,0
0,0
0,0
0,0
0,0
0,0
0,0
0,0
0,0
0,0
0,0
0,0
0,0
0,0
0,0
0,0
0,0
0,0
0,0
0,0
0,0
0,0
0,0
0,0
0,0
0,0
0,0
0,0
0,0
0,0
0,0
0,0
0,0
0,0
0,0
0,0
0,0
0,0
0,0
0,0
0,0
0,0
0,0
0,0
0,0
0,0
0,0
0,0
0,0
0,0
0,0
0,0
0,0
0,0
0,0
0,0
0,0
0,0
0,0
0,0
0,0
0,0
0,0
0,0
0,0
0,0
0,0
0,0
0,0
0,0
0,0
0,0
0,0
0,0
0,0
0,0
0,0
0,0
0,0
0,0
0,0
0,0
0,0
0,0
0,0
0,0
0,0
0,0
0,0
0,0
0,0
0,0
0,0
0,0
0,0
0,0
0,0
0,0
0,0
0,0
0,0
0,0
0,0
0,0
0,0
0,0
0,0
0,0
0,0
0,0
0,0
0,0
0,0
0,0
0,0
0,0
0,0
0,0
0,0
0,0
0,0
0,0
0,0
0,0
0,0
0,0
0,0
0,0
0,0
0,0
0,0
0,0
0,0
0,0
0,0
0,0
0,0
0,0
0,0
0,0
0,0
0,0
0,0
0,0
0,0
0,0
0,0
0,0
0,0
0,0
0,0
0,0
0,0
0,0
0,0
0,0
0,0
0,0
0,0
0,0
0,0
0,0
0,0
0,0
0,0
0,0
0,0
0,0
0,0
0,0
0,0
0,0
0,0
0,0
0,0
0,0
0,0
0,0
0,0
0,0
0,0
0,0
0,0
0,0
0,0
0,0
0,0
0,0
0,0
0,0
0,0
0,0
0,0
0,0
0,0
0,0
0,0
0,0
0,0
0,0
0,0
0,0
0,0
0,0
0,0
0,0
0,0
0,0
0,0
0,0
0,0
0,0
0,0
0,0
0,0
0,0
0,0
0,0
0,0
0,0
0,0
0,0
0,0
0,0
0,0
0,0
0,0
0,0
0,0
0,0
0,0
0,0
0,0
0,0
0,0
0,0
0,0
0,0
0,0
0,0
0,0
0,0
0,0
0,0
0,0
0,0
0,0
0,0
0,0
0,0
0,0
0,0
0,0
0,0
0,0
0,0
0,0
0,0
0,0
0,0
0,0
0,0
0,0
0,0
0,0
0,0
0,0
0,0
0,0
0,0
0,0
0,0
0,0
0,0
0,0
0,0
0,0
0,0
0,0
0,0
0,0
0,0
0,0
0,0
0,0
0,0
0,0
0,0
0,0
0,0
0,0
0,0
0,0
0,0
0,0
0,0
0,0
0,0
0,0
0,0
0,0
0,0
0,0
0,0
0,0
0,0
0,0
0,0
0,0
0,0
0,0
0,0
0,0
0,0
0,0
0,0
0,0
0,0
0,0
0,0
0,0
0,0
0,0
0,0
0,0
0,0
0,0
0,0
0,0
0,0
0,0
0,0
0,0
0,0
0,0
0,0
0,0
0,0
0,0
0,0
0,0
0,0
0,0
0,0
0,0
0,0
0,0
0,0
0,0
0,0
0,0
0,0
0,0
0,0
0,0
0,0
0,0
0,0
0,0
0,0
0,0
0,0
0,0
0,0
0,0
0,0
0,0
0,0
0,0
0,0
0,0
0,0
0,0
0,0
0,0
0,0
0,0
0,0
0,0
0,0
0,0
0,0
0,0
0,0
0,0
0,0
0,0
0,0
0,0
0,0
0,0
0,0
0,0
0,0
0,0
0,0
0,0
0,0
0,0
0,0
0,0
0,0
0,0
0,0
0,0
0,0
0,0
0,0
0,0
0,0
0,0
0,0
0,0
0,0
0,0
0,0
0,0
0,0
0,0
0,0
0,0
0,0
0,0
0,0
0,0
0,0
0,0
0,0
0,0
0,0
0,0
0,0
0,0
0,0
0,0
0,0
0,0
0,0
0,0
0,0
0,0
0,0
0,0
0,0
0,0
0,0
0,0
0,0
0,0
0,0
0,0
0,0
0,0
0,0
0,0
0,0
0,0
0,0
0,0
0,0
0,0
0,0
0,0
0,0
0,0
0,0
0,0
0,0
0,0
0,0
0,0
0,0
0,0
0,0
0,0
0,0
0,0
0,0
0,0
0,0
0,0
0,0
0,0
0,0
0,0
0,0
0,0
0,0
0,0
0,0
0,0
0,0
0,0
0,0
0,0
0,0
0,0
0,0
0,0
0,0
0,0
0,0
0,0
0,0
0,0
0,0
0,0
0,0
0,0
0,0
0,0
0,0
0,0
0,0
0,0
0,0
0,0
0,0
0,0
0,0
0,0
0,0
0,0
0,0
0,0
0,0
0,0
0,0
0,0
0,0
0,0
0,0
0,0
0,0
0,0
0,0
0,0
0,0
0,0
0,0
0,0
0,0
0,0
0,0
0,0
0,0
0,0
0,0
0,0
0,0
0,0
0,0
0,0
0,0
0,0
0,0
0,0
0,0
0,0
0,0
0,0
0,0
0,0
0,0
0,0
0,0
0,0
0,0
0,0
0,0
0,0
0,0
0,0
0,0
0,0
0,0
0,0
0,0
0,0
0,0
0,0
0,0
0,0
0,0
0,0
0,0
0,0
0,0
0,0
0,0
0,0
0,0
0,0
0,0
0,0
0,0
0,0
0,0
0,0
0,0
0,0
0,0
0,0
0,0
0,0
0,0
0,0
0,0
0,0
0,0
0,0
0,0
0,0
0,0
0,0
0,0
0,0
0,0
0,0
0,0
0,0
0,0
0,0
0,0
0,0
0,0
0,0
0,0
0,0
0,0
0,0
0,0
0,0
0,0
0,0
0,0
0,0
0,0
0,0
0,0
0,0
0,0
0,0
0,0
0,0
0,0
0,0
0,0
0,0
0,0
0,0
0,0
0,0
0,0
0,0
0,0
0,0
0,0
0,0
0,0
0,0
0,0
0,0
0,0
0,0
0,0
0,0
0,0
0,0
0,0
0,0
0,0
0,0
0,0
0,0
0,0
0,0
0,0
0,0
0,0
0,0
0,0
0,0
0,0
0,0
0,0
0,0
0,0
0,0
0,0
0,0
0,0
0,0
0,0
0,0
0,0
0,0
0,0
0,0
0,0
0,0
0,0
0,0
0,0
0,0
0,0
0,0
0,0
0,0
0,0
0,0
0,0
0,0
0,0
0,0
0,0
0,0
0,0
0,0
0,0
0,0
0,0
0,0
0,0
0,0
0,0
0,0
0,0
0,0
0,0
0,0
0,0
0,0
0,0
0,0
0,0
0,0
0,0
0,0
0,0
0,0
0,0
0,0
0,0
0,0
0,0
0,0
0,0
0,0
0,0
0,0
0,0
0,0
0,0
0,0
0,0
0,0
0,0
0,0
0,0
0,0
0,0
0,0
0,0
0,0
0,0
0,0
0,0
0,0
0,0
0,0
0,0
0,0
0,0
0,0
0,0
0,0
0,0
0,0
0,0
0,0
0,0
0,0
0,0
0,0
0,0
0,0
0,0
0,0
0,0
0,0
0,0
0,0
0,0
0,0
0,0
0,0
0,0
0,0
0,0
0,0
0,0
0,0
0,0
0,0
0,0
0,0
0,0
0,0
0,0
0,0
0,0
0,0
0,0
0,0
0,0
0,0
0,0
0,0
0,0
0,0
0,0
0,0
0,0
0,0
0,0
0,0
0,0
0,0
0,0
0,0
0,0
0,0
0,0
0,0
0,0
0,0
0,0
0,0
0,0
0,0
0,0
0,0
0,0
0,0
0,0
0,0
0,0
0,0
0,0
0,0
0,0
0,0
0,0
0,0
0,0
0,0
0,0
0,0
0,0
0,0
0,0
0,0
0,0
0,0
0,0
0,0
0,0
0,0
0,0
0,0
0,0
0,0
0,0
0,0
0,0
0,0
0,0
0,0
0,0
0,0
0,0
0,0
0,0
0,0
0,0
0,0
0,0
0,0
0,0
0,0
0,0
0,0
0,0
0,0
0,0
0,0
0,0
0,0
0,0
0,0
0,0
0,0
0,0
0,0
0,0
0,0
0,0
0,0
0,0
0,0
0,0
0,0
0,0
0,0
0,0
0,0
0,0
0,0
0,0
0,0
0,0
0,0
0,0
0,0
0,0
0,0
0,0
0,0
0,0
0,0
0,0
0,0
0,0
0,0
0,0
0,0
0,0
0,0
0,0
0,0
0,0
0,0
0,0
0,0
0,0
0,0
0,0
0,0
0,0
0,0
0,0
0,0
0,0
0,0
0,0
0,0
0,0
0,0
0,0
0,0
0,0
0,0
0,0
0,0
0,0
0,0
0,0
0,0
0,0
0,0
0,0
0,0
0,0
0,0
0,0
0,0
0,0
0,0
0,0
0,0
0,0
0,0
0,0
0,0
0,0
0,0
0,0
0,0
0,0
0,0
0,0
0,0
0,0
0,0
0,0
0,0
0,0
0,0
0,0
0,0
0,0
0,0
0,0
0,0
0,0
0,0
0,0
0,0
0,0
0,0
0,0
0,0
0,0
0,0
0,0
0,0
0,0
0,0
0,0
0,0
0,0
0,0
0,0
0,0
0,0
0,0
0,0
0,0
0,0
0,0
0,0
0,0
0,0
0,0
0,0
0,0
0,0
0,0
0,0
0,0
0,0
0,0
0,0
0,0
0,0
0,0
0,0
0,0
0,0
0,0
0,0
0,0
0,0
0,0
0,0
0,0
0,0
0,0
0,0
0,0
0,0
0,0
0,0
0,0
0,0
0,0
0,0
0,0
0,0
0,0
0,0
0,0
0,0
0,0
0,0
0,0
0,0
0,0
0,0
0,0
0,0
0,0
0,0
0,0
0,0
0,0
0,0
0,0
0,0
0,0
0,0
0,0
0,0
0,0
0,0
0,0
0,0
0,0
0,0
0,0
0,0
0,0
0,0
0,0
0,0
0,0
0,0
0,0
0,0
0,0
0,0
0,0
0,0
0,0
0,0
0,0
0,0
0,0
0,0
0,0
0,0
0,0
0,0
0,0
0,0
0,0
0,0
0,0
0,0
0,0
0,0
0,0
0,0
0,0
0,0
0,0
0,0
0,0
0,0
0,0
0,0
0,0
0,0
0,0
0,0
0,0
0,0
0,0
0,0
0,0
0,0
0,0
0,0
0,0
0,0
0,0
0,0
0,0
0,0
0,0
0,0
0,0
0,0
0,0
0,0
0,0
0,0
0,0
0,0
0,0
0,0
0,0
0,0
0,0
0,0
0,0
0,0
0,0
0,0
0,0
0,0
0,0
0,0
0,0
0,0
0,0
0,0
0,0
0,0
0,0
0,0
0,0
0,0
0,0
0,0
0,0
0,0
0,0
0,0
0,0
0,0
0,0
0,0
0,0
0,0
0,0
0,0
0,0
0,0
0,0
0,0
0,0
0,0
0,0
0,0
0,0
0,0
0,0
0,0
0,0
0,0
0,0
0,0
0,0
0,0
0,0
0,0
0,0
0,0
0,0
0,0
0,0
0,0
0,0
0,0
0,0
0,0
0,0
0,0
0,0
0,0
0,0
0,0
0,0
0,0
0,0
0,0
0,0
0,0
0,0
0,0
0,0
0,0
0,0
0,0
0,0
0,0
0,0
0,0
0,0
0,0
0,0
0,0
0,0
0,0
0,0
0,0
0,0
0,0
0,0
0,0
0,0
0,0
0,0
0,0
0,0
0,0
0,0
0,0
0,0
0,0
0,0
0,0
0,0
0,0
0,0
0,0
0,0
0,0
0,0
0,0
0,0
0,0
0,0
0,0
0,0
0,0
0,0
0,0
0,0
0,0
0,0
0,0
0,0
0,0
0,0
0,0
0,0
0,0
0,0
0,0
0,0
0,0
0,0
0,0
0,0
0,0
0,0
0,0
0,0
0,0
0,0
0,0
0,0
0,0
0,0
0,0
0,0
0,0
0,0
0,0
0,0
0,0
0,0
0,0
0,0
0,0
0,0
0,0
0,0
0,0
0,0
0,0
0,0
0,0
0,0
0,0
0,0
0,0
0,0
0,0
0,0
0,0
0,0
0,0
0,0
0,0
0,0
0,0
0,0
0,0
0,0
0,0
0,0
0,0
0,0
0,0
0,0
0,0
0,0
0,0
0,0
0,0
0,0
0,0
0,0
0,0
0,0
0,0
0,0
0,0
0,0
0,0
0,0
0,0
0,0
0,0
0,0
0,0
0,0
0,0
0,0
0,0
0,0
0,0
0,0
0,0
0,0
0,0
0,0
0,0
0,0
0,0
0,0
0,0
0,0
0,0
0,0
0,0
0,0
0,0
0,0
0,0
0,0
0,0
0,0
0,0
0,0
0,0
0,0
0,0
0,0
0,0
0,0
0,0
0,0
0,0
0,0
0,0
0,0
0,0
0,0
0,0
0,0
0,0
0,0
0,0
0,0
0,0
0,0
0,0
0,0
0,0
0,0
0,0
0,0
0,0
0,0
0,0
0,0
0,0
0,0
0,0
0,0
0,0
0,0
0,0
0,0
0,0
0,0
0,0
0,0
0,0
0,0
0,0
0,0
0,0
0,0
0,0
0,0
0,0
0,0
0,0
0,0
0,0
0,0
0,0
0,0
0,0
0,0
0,0
0,0
0,0
0,0
0,0
0,0
0,0
0,0
0,0
0,0
0,0
0,0
0,0
0,0
0,0
0,0
0,0
0,0
0,0
0,0
0,0
0,0
0,0
0,0
0,0
0,0
0,0
0,0
0,0
0,0
0,0
0,0
0,0
0,0
0,0
0,0
0,0
0,0
0,0
0,0
0,0
0,0
0,0
0,0
0,0
0,0
0,0
0,0
0,0
0,0
0,0
0,0
0,0
0,0
0,0
0,0
0,0
0,0
0,0
0,0
0,0
0,0
0,0
0,0
0,0
0,0
0,0
0,0
0,0
0,0
0,0
0,0
0,0
0,0
0,0
0,0
0,0
0,0
0,0
0,0
0,0
0,0
0,0
0,0
0,0
0,0
0,0
0,0
0,0
0,0
0,0
0,0
0,0
0,0
0,0
0,0
0,0
0,0
0,0
0,0
0,0
0,0
0,0
0,0
0,0
0,0
0,0
0,0
0,0
0,0
0,0
0,0
0,0
0,0
0,0
0,0
0,0
0,0
0,0
0,0
0,0
0,0
0,0
0,0
0,0
0,0
0,0
0,0
0,0
0,0
0,0
0,0
0,0
0,0
0,0
0,0
0,0
0,0
0,0
0,0
0,0
0,0
0,0
0,0
0,0
0,0
0,0
0,0
0,0
0,0
0,0
0,0
0,0
0,0
0,0
0,0
0,0
0,0
0,0
0,0
0,0
0,0
0,0
0,0
0,0
0,0
0,0
0,0
0,0
0,0
0,0
0,0
0,0
0,0
0,0
0,0
0,0
0,0
0,0
0,0
0,0
0,0
0,0
0,0
0,0
0,0
0,0
0,0
0,0
0,0
0,0
0,0
0,0
0,0
0,0
0,0
0,0
0,0
0,0
0,0
0,0
0,0
0,0
0,0
0,0
0,0
0,0
0,0
0,0
0,0
0,0
0,0
0,0
0,0
0,0
0,0
0,0
0,0
0,0
0,0
0,0
0,0
0,0
0,0
0,0
0,0
0,0
0,0
0,0
0,0
0,0
0,0
0,0
0,0
0,0
0,0
0,0
0,0
0,0
0,0
0,0
0,0
0,0
0,0
0,0
0,0
0,0
0,0
0,0
0,0
0,0
0,0
0,0
0,0
0,0
0,0
0,0
0,0
0,0
0,0
0,0
0,0
0,0
0,0
0,0
0,0
0,0
0,0
0,0
0,0
0,0
0,0
0,0
0,0
0,0
0,0
0,0
0,0
0,0
0,0
0,0
0,0
0,0
0,0
0,0
0,0
0,0
0,0
0,0
0,0
0,0
0,0
0,0
0,0
0,0
0,0
0,0
0,0
0,0
0,0
0,0
0,0
0,0
0,0
0,0
0,0
0,0
0,0
0,0
0,0
0,0
0,0
0,0
0,0
0,0
0,0
0,0
0,0
0,0
0,0
0,0
0,0
0,0
0,0
0,0
0,0
0,0
0,0
0,0
0,0
0,0
0,0
0,0
0,0
0,0
0,0
0,0
0,0
0,0
0,0
0,0
0,0
0,0
0,0
0,0
0,0
0,0
0,0
0,0
0,0
0,0
0,0
0,0
0,0
0,0
0,0
0,0
0,0
0,0
0,0
0,0
0,0
0,0
0,0
0,0
0,0
0,0
0,0
0,0
0,0
0,0
0,0
0,0
0,0
0,0
0,0
0,0
0,0
0,0
0,0
0,0
0,0
0,0
0,0
0,0
0,0
0,0
0,0
0,0
0,0
0,0
0,0
0,0
0,0
0,0
0,0
0,0
0,0
0,0
0,0
0,0
0,0
0,0
0,0
0,0
0,0
0,0
0,0
0,0
0,0
0,0
0,0
0,0
0,0
